path, aesthetic score, technical score, overall/final score
/media/daniel/B40838A808386C0C/daniel/datasets/VideoLQ/SR_sage_bs_none_videos/000.mp4, 99.922823, 4.802983,72.488171
/media/daniel/B40838A808386C0C/daniel/datasets/VideoLQ/SR_sage_bs_none_videos/001.mp4, 99.956004, 8.528927,82.675033
/media/daniel/B40838A808386C0C/daniel/datasets/VideoLQ/SR_sage_bs_none_videos/002.mp4, 99.949882, 9.357079,82.836850
/media/daniel/B40838A808386C0C/daniel/datasets/VideoLQ/SR_sage_bs_none_videos/003.mp4, 99.276046, 4.140371,49.981435
/media/daniel/B40838A808386C0C/daniel/datasets/VideoLQ/SR_sage_bs_none_videos/004.mp4, 99.929883, 9.370349,80.909795
/media/daniel/B40838A808386C0C/daniel/datasets/VideoLQ/SR_sage_bs_none_videos/005.mp4, 99.151854, 4.552997,49.942688
/media/daniel/B40838A808386C0C/daniel/datasets/VideoLQ/SR_sage_bs_none_videos/006.mp4, 99.984901, 14.141041,91.107516
/media/daniel/B40838A808386C0C/daniel/datasets/VideoLQ/SR_sage_bs_none_videos/007.mp4, 99.967974, 10.714008,86.300990
/media/daniel/B40838A808386C0C/daniel/datasets/VideoLQ/SR_sage_bs_none_videos/008.mp4, 99.151291, 4.481143,49.681947
/media/daniel/B40838A808386C0C/daniel/datasets/VideoLQ/SR_sage_bs_none_videos/009.mp4, 99.718973, 4.923715,61.785162
/media/daniel/B40838A808386C0C/daniel/datasets/VideoLQ/SR_sage_bs_none_videos/010.mp4, 99.880764, 3.562762,64.769769
/media/daniel/B40838A808386C0C/daniel/datasets/VideoLQ/SR_sage_bs_none_videos/011.mp4, 99.996097, 14.938695,94.750844
/media/daniel/B40838A808386C0C/daniel/datasets/VideoLQ/SR_sage_bs_none_videos/012.mp4, 99.940925, 7.914902,80.189783
/media/daniel/B40838A808386C0C/daniel/datasets/VideoLQ/SR_sage_bs_none_videos/013.mp4, 99.669296, 5.115817,60.859848
/media/daniel/B40838A808386C0C/daniel/datasets/VideoLQ/SR_sage_bs_none_videos/014.mp4, 99.907460, 8.237555,77.725406
/media/daniel/B40838A808386C0C/daniel/datasets/VideoLQ/SR_sage_bs_none_videos/015.mp4, 99.972111, 10.257439,86.584742
/media/daniel/B40838A808386C0C/daniel/datasets/VideoLQ/SR_sage_bs_none_videos/016.mp4, 99.210824, 5.797299,54.525129
/media/daniel/B40838A808386C0C/daniel/datasets/VideoLQ/SR_sage_bs_none_videos/017.mp4, 99.962290, 9.437942,84.432599
/media/daniel/B40838A808386C0C/daniel/datasets/VideoLQ/SR_sage_bs_none_videos/018.mp4, 99.937719, 5.460388,75.675035
/media/daniel/B40838A808386C0C/daniel/datasets/VideoLQ/SR_sage_bs_none_videos/019.mp4, 99.907487, 6.122667,74.170206
/media/daniel/B40838A808386C0C/daniel/datasets/VideoLQ/SR_sage_bs_none_videos/020.mp4, 99.796584, 5.210682,65.545005
/media/daniel/B40838A808386C0C/daniel/datasets/VideoLQ/SR_sage_bs_none_videos/021.mp4, 99.943876, 5.909012,77.322708
/media/daniel/B40838A808386C0C/daniel/datasets/VideoLQ/SR_sage_bs_none_videos/022.mp4, 99.774464, 8.669040,71.832890
/media/daniel/B40838A808386C0C/daniel/datasets/VideoLQ/SR_sage_bs_none_videos/023.mp4, 99.892906, 9.552204,78.447933
/media/daniel/B40838A808386C0C/daniel/datasets/VideoLQ/SR_sage_bs_none_videos/024.mp4, 99.944090, 5.130907,75.711045
/media/daniel/B40838A808386C0C/daniel/datasets/VideoLQ/SR_sage_bs_none_videos/025.mp4, 99.904742, 8.541861,77.947632
/media/daniel/B40838A808386C0C/daniel/datasets/VideoLQ/SR_sage_bs_none_videos/026.mp4, 99.922121, 13.671855,84.070854
/media/daniel/B40838A808386C0C/daniel/datasets/VideoLQ/SR_sage_bs_none_videos/027.mp4, 99.969413, 13.316476,88.176163
/media/daniel/B40838A808386C0C/daniel/datasets/VideoLQ/SR_sage_bs_none_videos/028.mp4, 99.988599, 12.496494,91.287381
/media/daniel/B40838A808386C0C/daniel/datasets/VideoLQ/SR_sage_bs_none_videos/029.mp4, 99.963373, 7.213760,82.102107
/media/daniel/B40838A808386C0C/daniel/datasets/VideoLQ/SR_sage_bs_none_videos/030.mp4, 98.809492, 7.926972,55.593469
/media/daniel/B40838A808386C0C/daniel/datasets/VideoLQ/SR_sage_bs_none_videos/031.mp4, 99.977942, 7.365952,85.000678
/media/daniel/B40838A808386C0C/daniel/datasets/VideoLQ/SR_sage_bs_none_videos/032.mp4, 99.927502, 8.564736,79.752005
/media/daniel/B40838A808386C0C/daniel/datasets/VideoLQ/SR_sage_bs_none_videos/033.mp4, 99.978658, 11.794150,88.742941
/media/daniel/B40838A808386C0C/daniel/datasets/VideoLQ/SR_sage_bs_none_videos/034.mp4, 99.896968, 5.587917,72.183505
/media/daniel/B40838A808386C0C/daniel/datasets/VideoLQ/SR_sage_bs_none_videos/035.mp4, 99.965128, 11.107297,86.200365
/media/daniel/B40838A808386C0C/daniel/datasets/VideoLQ/SR_sage_bs_none_videos/036.mp4, 99.809541, 5.610346,67.182764
/media/daniel/B40838A808386C0C/daniel/datasets/VideoLQ/SR_sage_bs_none_videos/037.mp4, 99.856907, 8.023656,74.312070
/media/daniel/B40838A808386C0C/daniel/datasets/VideoLQ/SR_sage_bs_none_videos/038.mp4, 99.895395, 5.730014,72.390649
/media/daniel/B40838A808386C0C/daniel/datasets/VideoLQ/SR_sage_bs_none_videos/039.mp4, 99.185327, 3.369169,45.566651
/media/daniel/B40838A808386C0C/daniel/datasets/VideoLQ/SR_sage_bs_none_videos/040.mp4, 99.870761, 6.816924,72.998311
/media/daniel/B40838A808386C0C/daniel/datasets/VideoLQ/SR_sage_bs_none_videos/041.mp4, 99.776736, 8.063789,70.928875
/media/daniel/B40838A808386C0C/daniel/datasets/VideoLQ/SR_sage_bs_none_videos/042.mp4, 99.930048, 5.169779,74.161987
/media/daniel/B40838A808386C0C/daniel/datasets/VideoLQ/SR_sage_bs_none_videos/043.mp4, 99.797730, 6.095589,67.847177
/media/daniel/B40838A808386C0C/daniel/datasets/VideoLQ/SR_sage_bs_none_videos/044.mp4, 99.965066, 9.024979,84.428808
/media/daniel/B40838A808386C0C/daniel/datasets/VideoLQ/SR_sage_bs_none_videos/045.mp4, 99.992467, 10.513762,91.618362
/media/daniel/B40838A808386C0C/daniel/datasets/VideoLQ/SR_sage_bs_none_videos/046.mp4, 99.938140, 7.153039,78.808788
/media/daniel/B40838A808386C0C/daniel/datasets/VideoLQ/SR_sage_bs_none_videos/047.mp4, 99.982572, 8.980980,87.633858
/media/daniel/B40838A808386C0C/daniel/datasets/VideoLQ/SR_sage_bs_none_videos/048.mp4, 99.983488, 12.128034,89.881230
/media/daniel/B40838A808386C0C/daniel/datasets/VideoLQ/SR_sage_bs_none_videos/049.mp4, 99.439550, 4.743991,54.650477
